id,text,surface,work_title,source_url,timestamp_start,timestamp_end,label,review_status,reviewer_id,reviewed_at,review_rationale,group_review_status
real-7110f77f48a742b8,"‘I thought, if I’m going to die, I’m going to write a book first’: Pachinko author Min Jin Lee",headline,,https://www.theguardian.com/books/2026/oct/03/i-thought-if-im-going-to-die-im-going-to-write-a-book-first-pachinko-author-min-jin-lee,,,,pending_human_review,,,,pending_human_verification
real-9413f71394ae8856,This tale of a 60s college dropout driving across the US to avoid being sent to Vietnam is committed to both readerly pleasure and literary artifice,review,Dodge City by Patrick deWitt,https://www.theguardian.com/books/2026/oct/01/dodge-city-by-patrick-dewitt-review-a-wild-draft-dodging-road-trip,,,,pending_human_review,,,,pending_human_verification
real-2bbbc47562c917df,Digger may lose $150m after Tom Cruise film bombs at the box office,headline,,https://www.theguardian.com/film/2026/oct/05/digger-may-lose-150m-after-tom-cruise-film-bombs-at-the-box-office,,,,pending_human_review,,,,pending_human_verification
real-b7a016dc5e3fdd3d,The author captures the comedy and cruelty in this tenderly written coming-of-age tale,review,The Mercy Step by Marcia Hutchinson audiobook,https://www.theguardian.com/books/2026/oct/01/the-mercy-step-by-marcia-hutchinson-audiobook-review-a-caribbean-childs-eye-view-of-60s-bradford,,,,pending_human_review,,,,pending_human_verification
real-3b138ba78eefae17,"This gag-packed adaptation of Eric Morecambe’s children’s books – by the writing team behind Alan Partridge – is full of stunning comic talent. Bill Bailey, Ross Noble, Tom Davies, Sian Clifford and Asim Chaudhry are",review,The Reluctant Vampire,https://www.theguardian.com/tv-and-radio/2026/oct/04/the-reluctant-vampire-review-lenny-rush-comedy-bbc,,,,pending_human_review,,,,pending_human_verification
real-97f24e9ce5396025,"Open worlds are disappointing me for that reason; they quickly collapse into an empty one. Filling up a small map with “real” content by hand is hard, doing it on a huge scale is impossible.",comment,The Matrix,https://news.ycombinator.com/item?id=29538334,,,,pending_human_review,,,,pending_human_verification
real-0d0cce825a8dd445,"Netflix’s new series is the ruthless, hyper-capitalist competitive take on a kids’ book that no one needed. AI-generating Gene Wilder’s voice for it just feels wrong",review,Wonka’s Golden Ticket,https://www.theguardian.com/tv-and-radio/2026/sep/23/wonkas-golden-ticket-review-netflix,,,,pending_human_review,,,,pending_human_verification
real-fbb66f6741886e7f,"To HN readers who are unaware of this show, let me just say: this is a Very Good show. It's clever, and it's funny, and it's remarkably good-natured despite the premise. It's full of blink-and-you'll-miss-them",comment,The Good Place,https://news.ycombinator.com/item?id=16262444,,,,pending_human_review,,,,pending_human_verification
real-306c34936af4afce,Tomi Adeyemi on the film of her hit novel Children of Blood and Bone: ‘I don’t plan to watch it’,headline,,https://www.theguardian.com/books/2026/sep/27/tomi-adeyemi-on-the-film-of-her-hit-novel-children-of-blood-and-bone-i-dont-plan-to-watch-it,,,,pending_human_review,,,,pending_human_verification
real-4b72935273d2df09,New York Film Festival: The Geese frontman mesmerizes in a concert film that is both swoony and austere,review,Cameron Winter at Carnegie Hall,https://www.theguardian.com/film/2026/oct/02/cameron-winter-carnegie-hall-review-paul-thomas-anderson,,,,pending_human_review,,,,pending_human_verification
real-d1ec33947010af34,Tourette syndrome campaigner John Davidson to watch Bafta Scotland awards in separate ‘relaxed’ space,headline,,https://www.theguardian.com/film/2026/oct/01/tourette-syndrome-campaigner-john-davidson-to-watch-bafta-scotland-awards-in-separate-relaxed-space,,,,pending_human_review,,,,pending_human_verification
real-15176b64fbe657e7,A new Skywalker trilogy for Star Wars? Going back to the same family-saga well is a waste of time,headline,,https://www.theguardian.com/film/2026/oct/02/new-skywalker-trilogy-star-wars-jon-watts,,,,pending_human_review,,,,pending_human_verification
real-71734cd6a50b85ab,"Two ""Remote Desktop"" tools mentioned in the article 1)Jump desktop 2)Parsec. [1] https://www.jumpdesktop.com [2] https://parsec.app",comment,Severance,https://news.ycombinator.com/item?id=43524544,,,,pending_human_review,,,,pending_human_verification
real-6ec4ebe7b53e35dd,I really love this sort of thing. It shows to me that apps are dying and soon everything will be HTML/CSS and cross device. Well done!,comment,Breaking Bad,https://news.ycombinator.com/item?id=4262569,,,,pending_human_review,,,,pending_human_verification
real-d983fd06cdb41420,No Big Deal review – is this how AI ends humanity … with a sitcom so bad it bores you to death?,headline,,https://www.theguardian.com/tv-and-radio/2026/sep/15/no-big-deal-review-is-this-how-ai-ends-humanity-with-a-sitcom-so-bad-it-bores-you-to-death,,,,pending_human_review,,,,pending_human_verification
real-90e21de071c2d5c1,"I suppose it wasn't a cliffhanger, but it just felt a bit like the start of a movie rather than the end. Star Wars has done that a bit, but I felt like Dune did",comment,Dune,https://news.ycombinator.com/item?id=29018085,,,,pending_human_review,,,,pending_human_verification
real-f74fd1beed395944,"PlayStation 5, Xbox, PC; Remedy A surprisingly conventional game from a famously weird developer, this sequel to 2019’s Control is accomplished but safe",review,Control Resonant,https://www.theguardian.com/games/2026/sep/22/control-resonant-review-save-new-york-from-paranormal-phenomena,,,,pending_human_review,,,,pending_human_verification
real-3b94642fd6f00802,"This. You get the hang of the Clockwork Orange slang after a few pages, because the author is so slick with it.",comment,Dune,https://news.ycombinator.com/item?id=29015340,,,,pending_human_review,,,,pending_human_verification
real-abb73a3f4dba3aac,The Uprising review – the peasants are revolting in muddled historical epic,headline,,https://www.theguardian.com/film/2026/sep/09/the-uprising-movie-review,,,,pending_human_review,,,,pending_human_verification
real-0eddaf9a93555364,A journalist charts a quarter century of geopolitical hubris and economic overreach,review,The Fall of the West by Owen Jones,https://www.theguardian.com/books/2026/sep/29/the-fall-of-the-west-by-owen-jones-review-a-bracing-history-of-the-changing-world-order,,,,pending_human_review,,,,pending_human_verification
real-fc094a4baa457d2f,Docufictional 1981 comedy captures the working-class ska-pop pranksters in their hungry years with an almost Loachian authenticity,review,Take It Or Leave It,https://www.theguardian.com/film/2026/oct/02/take-it-or-leave-it-review-vividly-atmospheric-formative-adventures-of-future-pop-princes-madness,,,,pending_human_review,,,,pending_human_verification
real-26505bdaa97b6ae0,"> Entertainment, in such a busy world, should be available at the leisure of the viewer, not some game rigged to keep interest over a time. Well, it can't be. It has to be made",comment,Game of Thrones,https://news.ycombinator.com/item?id=9372135,,,,pending_human_review,,,,pending_human_verification
real-e4bebccb4736c2dc,"Children’s books with Black main characters down 8% in a year, study shows",headline,,https://www.theguardian.com/books/2026/oct/05/childrens-books-with-black-main-characters-down-study-uk,,,,pending_human_review,,,,pending_human_verification
real-4b875b55e0ff53c1,Children’s books roundup – the best new picture books and novels,headline,,https://www.theguardian.com/books/2026/aug/28/childrens-books-roundup-the-best-new-picture-books-and-novels,,,,pending_human_review,,,,pending_human_verification
real-48974228f824d086,The newest judge on the culinary competition is a soothing presence who is the ideal complement to Paul Hollywood. Long may the show continue with her on it,review,The Great British Bake Off,https://www.theguardian.com/tv-and-radio/2026/sep/22/the-great-british-bake-off-review-nigella-wise-generous-perfect-national-treasure,,,,pending_human_review,,,,pending_human_verification
real-5d1eda28c453a58e,"Chisenhale Gallery, London A young man possessed by the spirit of a mythical Buganda warrior leads the film-making collective’s explosive new diatribe against the theft of cultural artefacts – with the help of a ‘video",review,Wakaliga Uganda,https://www.theguardian.com/artanddesign/2026/oct/04/wakaliga-uganda-review-chisenhale-gallery-kibuuka-omumbaale,,,,pending_human_review,,,,pending_human_verification
real-b2194d26d6bea8bf,"Lara Ricote’s tale of a couple who break up after moving in together is weird, hugely funny and uncomfortably true-to-life at times",review,Break Clause,https://www.theguardian.com/tv-and-radio/2026/oct/01/break-clause-review-lara-ricote-channel-4,,,,pending_human_review,,,,pending_human_verification
real-e75078198946bfd3,Amir Bar-Lev’s doc covering competing climbers trying to achieve something that has not been done before uncovers a fascinating tapestry of aspiration and folly,review,The Last First: Winter K2,https://www.theguardian.com/film/2026/oct/01/the-last-first-winter-k2-review-race-up-second-highest-mountain-reveals-fatal-cost-of-regrettable-traits,,,,pending_human_review,,,,pending_human_verification
real-4672fba6a2294d90,"This wry debut novel about a male model’s inner life, written in lowercase fragments, has tender insights but isn’t as profound as it aims to be",review,The Long Cloud by Hector MacKenzie,https://www.theguardian.com/books/2026/oct/02/the-long-cloud-hector-mackenzie-book-review,,,,pending_human_review,,,,pending_human_verification
real-897ba3563e6c4c23,This tale of broken hearts and broken people moves from the Troubles of 1980s Northern Ireland to an unforgiving London of squats and payphones,review,Stations by Louise Kennedy,https://www.theguardian.com/books/2026/sep/29/stations-by-louise-kennedy-review-a-superb-follow-up-to-trespasses,,,,pending_human_review,,,,pending_human_verification
real-b83524672ac8660a,"Believe it or not, some users here are in fact from other places than the Bay Area. I know, shocking, right?",comment,Severance,https://news.ycombinator.com/item?id=43526589,,,,pending_human_review,,,,pending_human_verification
real-d9f98cbc6c60262e,"It’s light stuff with more than a touch of Emily in Paris to it, but the actor’s latest travelogue has enough passion to make it highly endearing TV",review,Eva Longoria: Searching for France,https://www.theguardian.com/tv-and-radio/2026/sep/27/eva-longoria-searching-for-france-review-bbc-two-iplayer,,,,pending_human_review,,,,pending_human_verification
real-c4f4a4c145b15b19,"One man’s irresponsible drilling causes a global crisis in Iñárritu’s exasperatingly laborious, self-congratulatory film",review,Digger,https://www.theguardian.com/film/2026/sep/29/digger-review-tom-cruise-satire-alejandro-gonzalez-inarritu,,,,pending_human_review,,,,pending_human_verification
real-b88d1defa36ccdda,"Nimesh Patel on stand-up, Palestine and politics: ‘The way that religion’s been weaponized is ugly’",headline,,https://www.theguardian.com/culture/2026/sep/22/nimesh-patel-buy-the-dip-netflix-comedy-special,,,,pending_human_review,,,,pending_human_verification
real-72e5f5b9c82cdd7b,"This, and Brooklyn Nine Nine have been smart, quirky, and good.",comment,The Good Place,https://news.ycombinator.com/item?id=16273442,,,,pending_human_review,,,,pending_human_verification
real-b3a1f22364027938,I too very much like the dialogue in Primer for that 'eavesdropping on people who know each other well' feeling it has.,comment,Inception,https://news.ycombinator.com/item?id=3736985,,,,pending_human_review,,,,pending_human_verification
real-955ee16341608b0a,"Thats an astute observation. Whenever you're tricking someone, you put something stupid easy in for the tricked person to defeat, so they assume they're tricking you. But it could be even easier. Why not put",comment,Game of Thrones,https://news.ycombinator.com/item?id=9371295,,,,pending_human_review,,,,pending_human_verification
real-3ee90b88b20340a4,‘We have been dispossessed’: Nick Hayes on land rights and a peaceful revolution at the real Toad Hall,headline,,https://www.theguardian.com/books/2026/oct/04/we-have-been-dispossessed-nick-hayes-on-land-rights-and-a-peaceful-revolution-at-the-real-toad-hall,,,,pending_human_review,,,,pending_human_verification
real-cce2d1de5dc37b22,‘We left Ireland because there wasn’t work – and we wanted to get the hell away’: Trespasses author Louise Kennedy,headline,,https://www.theguardian.com/books/2026/sep/26/we-left-ireland-because-there-wasnt-work-and-we-wanted-to-get-the-hell-away-trespasses-author-louise-kennedy,,,,pending_human_review,,,,pending_human_verification
real-983298691a202dd5,The Weapons director delivers a seat-edge thriller with a standout lead performance from Austin Abrams as an everyman navigating chaos,review,Resident Evil,https://www.theguardian.com/film/2026/sep/16/resident-evil-reboot-movie-review,,,,pending_human_review,,,,pending_human_verification
real-68a51c07275dd052,"This biopic of Sergiu Celibidache, the renowned Romanian conductor who refused all recordings, is a sturdy labour of love directed by his son",review,The Yellow Tie,https://www.theguardian.com/film/2026/oct/05/the-yellow-tie-review-sergiu-celibidache-biopic-conductor-live-music,,,,pending_human_review,,,,pending_human_verification
real-a21e77fa2b97c6ea,New York film festival: The actor stumbles through Tony Gilroy’s forgettable film marred by stylistic gimmicks,review,Behemoth!,https://www.theguardian.com/film/2026/oct/02/behemoth-pedro-pascal-movie-review,,,,pending_human_review,,,,pending_human_verification
real-1b3e74c07ea3b44d,"‘Mum, where did my Robux go?’ The Roblox scam targeting children",headline,,https://www.theguardian.com/games/2026/sep/27/mum-where-did-my-robux-go-the-roblox-scam-targeting-children,,,,pending_human_review,,,,pending_human_verification
real-7d7afc216e2977bf,"South Park has ​​AI datacentres​, sentient penises ​and a billionaire problem – in more ways than one",headline,,https://www.theguardian.com/tv-and-radio/2026/oct/01/south-park-has-ai-datacentres-sentient-penises-and-a-billionaire-problem-in-more-ways-than-one,,,,pending_human_review,,,,pending_human_verification
real-55c86178c2819b4b,Pedro Almodóvar provides a vocal cameo and his style can be traced back to this influential film,review,Rapture,https://www.theguardian.com/film/2026/sep/30/rapture-review-cult-spanish-horror-pedro-almodovar,,,,pending_human_review,,,,pending_human_verification
real-9ae8db99f9951127,I agree - kind of a cheap magic trick if you ask me...,comment,Inception,https://news.ycombinator.com/item?id=3742030,,,,pending_human_review,,,,pending_human_verification
real-260ed27b2bff4201,"Workflow has improved a lot in ways that can't really be worse, e.g. projects are broken up into lots of small files now so it's a lot more compatible with version control.",comment,The Matrix,https://news.ycombinator.com/item?id=29538525,,,,pending_human_review,,,,pending_human_verification
real-61cce6699f3e8720,From Super Bowl champ to master architect: Mike Tomlin’s sprawling Minecraft city is magnificent,headline,,https://www.theguardian.com/sport/2026/oct/01/mike-tomlin-minecraft-city,,,,pending_human_review,,,,pending_human_verification
real-028e2971b00033fe,‘We didn’t set out to make a show for animals!’ The Netflix seal cartoon that’s a huge hit … with pets,headline,,https://www.theguardian.com/tv-and-radio/2026/sep/22/sealook-netflix-seal-cartoon-pet-dogs-cats-transfixed,,,,pending_human_review,,,,pending_human_verification
real-ce7b32cc4ec39b30,The reply saying Deckard is human in the sequel is wrong. In the sequel Deckard says he does not know if he is human and does not care. That is the only time the topic,comment,Blade Runner,https://news.ycombinator.com/item?id=31896478,,,,pending_human_review,,,,pending_human_verification
real-44535c3d86daecb1,"Decent effects and a late-stage twist show promise, but this gore-fest needs to be more disgusting, funny or unnerving",review,Charlie Shaw’s Revenge,https://www.theguardian.com/film/2026/oct/05/charlie-shaws-revenge-review,,,,pending_human_review,,,,pending_human_verification
real-a7a45c4028aab1b8,"This brilliant piece of balderdash – packed with money, class warfare, sex and dastardly lawyers – is the perfect antidote to life right now. We need this!",review,War,https://www.theguardian.com/tv-and-radio/2026/oct/02/war-review-george-kay-sienna-miller-dominic-west,,,,pending_human_review,,,,pending_human_verification
real-b658d908aa39c9d9,"> Prophecy Don't worry too much about the prophecy. It's mainly fake, the extent to which it's not fake is that the Bene Gesserit take seriously the idea that the best way to predict the",comment,Dune,https://news.ycombinator.com/item?id=29018317,,,,pending_human_review,,,,pending_human_verification
real-adb60534599fa36d,"Switch 2, PlayStation 5, PC; House House The creators of Untitled Goose Game return with an online, open-world adventure that delivers slapstick silliness and bucolic majesty in nearly equal measure",review,Big Walk,https://www.theguardian.com/games/2026/aug/04/big-walk-review-larking-around-with-mates-elevated-to-an-artform,,,,pending_human_review,,,,pending_human_verification
real-eb934dcf27198136,"Based on Lagerfeld’s biography, director Nick Hooker gets access to the designer’s inner circle, but ultimately fails to find the man behind the high collar and sunglasses",review,Karl,https://www.theguardian.com/film/2026/oct/05/karl-review-straightforward-tribute-tells-inside-story-of-fashion-worlds-great-eccentric-karl-lagerfeld,,,,pending_human_review,,,,pending_human_verification
real-2e63c87d4efc0ade,"""I can't decide between The Prestige, Inception, and maybe Dark Knight."" I'm surprised that Memento didn't make your Christopher Nolan short-list. Perhaps you didn't care for it, you haven't seen it, or you simply forgot",comment,Inception,https://news.ycombinator.com/item?id=3739220,,,,pending_human_review,,,,pending_human_verification
real-56e714dc994a87e5,"I hadn't read the books. If you think about it for about 5 seconds, it makes sense swords are the only thing that are effective against shields and the explanation about fast vs slow is",comment,Dune,https://news.ycombinator.com/item?id=29022123,,,,pending_human_review,,,,pending_human_verification
real-621277e5c80fb448,The premise is an imminent attack on Britain by Russia in a world in which Michael Gove is prime minister and Nicola Sturgeon his deputy. It’s enjoyably terrifying – and the politicians’ stiffness is huge,review,The Wargame,https://www.theguardian.com/tv-and-radio/2026/sep/21/the-wargame-review-sky-one-michael-gove-nicola-sturgeon-reality-show,,,,pending_human_review,,,,pending_human_verification
real-1881ade15e14dd6d,A former poet laureate and a Pulitzer winner lead TS Eliot prize shortlist,headline,,https://www.theguardian.com/books/2026/oct/05/a-former-poet-laureate-and-a-pulitzer-winner-lead-ts-eliot-prize-shortlist,,,,pending_human_review,,,,pending_human_verification
real-d13611057d425670,"In the Danish writer’s latest novel, an eminent scientist withdraws to the countryside",review,Range by Dorthe Nors,https://www.theguardian.com/books/2026/sep/28/range-by-dorthe-nors-review-an-astrophysicist-at-odds-with-reality,,,,pending_human_review,,,,pending_human_verification
real-08d4e363ec7450e8,"Whatever, Thom. We're done.",youtube_transcript,Tears of Steel,https://commons.wikimedia.org/wiki/TimedText:Tears_of_Steel_1080p.webm.en.srt,00:00:43.000,00:00:45.000,,pending_human_review,,,,pending_human_verification
real-3a6e7517d83e75c5,"‘She made Mondays something to look forward to’: readers pay tribute to Carol Rumens, Guardian’s Poem of the week columnist",headline,,https://www.theguardian.com/books/2026/may/08/readers-tribute-to-carol-rumens-poem-of-the-week-columnist,,,,pending_human_review,,,,pending_human_verification
real-0fcd9f1064ce2937,Kevin Powers: ‘I was ready to abandon Infinite Jest a thousand times’,headline,,https://www.theguardian.com/books/2026/sep/04/kevin-powers-i-was-ready-to-abandon-infinite-jest-a-thousand-times,,,,pending_human_review,,,,pending_human_verification
real-c130863e51be23ac,"Talk about timing. I just wrote up a list for a friend that includes a bunch of weird movies (most of them being head trips). My list includes two Cronenberg movies as well! Though, to",comment,Inception,https://news.ycombinator.com/item?id=3742807,,,,pending_human_review,,,,pending_human_verification
real-9b791968e061db98,An eclectic selection that will take you on a culinary journey – make room on your shelves,review,From cordon bleu to pasta and pies: the best autumn cookbooks for 2026 – reviewed,https://www.theguardian.com/books/2026/sep/30/best-autumn-cookbooks-2026-felicity-cloake,,,,pending_human_review,,,,pending_human_verification
real-2f2ffc4caafc4a0f,The best podcasts of 2026 so far,headline,,https://www.theguardian.com/tv-and-radio/ng-interactive/2026/jun/12/the-best-podcasts-of-2026-so-far,,,,pending_human_review,,,,pending_human_verification
real-54078b4400e8556b,"PC, Nintendo Switch/Switch 2, PS5; SFB Games Detective Grimoire is at it again in the long-awaited new entry to this stylish series of comedy whodunnits",review,The Mermaid Mask,https://www.theguardian.com/games/2026/jul/28/the-mermaid-mask-review-detective-grimoire-sfb,,,,pending_human_review,,,,pending_human_verification
real-7930b3dffcf77dda,"> Maybe English words are used in the Arabic translations (though I doubt it) It wouldn't make much sense, because the Fremen are Arab-inspired, or at least, Middle Eastern. Arrakis is a desert planet toyed",comment,Dune,https://news.ycombinator.com/item?id=29018315,,,,pending_human_review,,,,pending_human_verification
real-a86320b058ac4ecd,Ok but in practice what can you do on console that you can’t do on pc?,comment,The Matrix,https://news.ycombinator.com/item?id=29541702,,,,pending_human_review,,,,pending_human_verification
real-c451c3925da2d618,The gravity/kick effect only effectively permeates the next level down. This is why they need to set up a chain of kicks to move all they back to the fist dream level. In the third,comment,Inception,https://news.ycombinator.com/item?id=3736828,,,,pending_human_review,,,,pending_human_verification
real-0c61aba0205bd707,The 100 best novels of all time,headline,,https://www.theguardian.com/books/ng-interactive/2026/may/12/the-100-best-novels-of-all-time,,,,pending_human_review,,,,pending_human_verification
real-2980086a3da0b811,Why don't you just admit that you're freaked out by my robot hand?,youtube_transcript,Tears of Steel,https://commons.wikimedia.org/wiki/TimedText:Tears_of_Steel_1080p.webm.en.srt,00:00:30.800,00:00:34.000,,pending_human_review,,,,pending_human_verification
real-393c36e3500b3978,The idea that there are only 18 scenes or that you are free to add or remove a few frames between transitions is simply hilarious IMO. Plus there are plenty of least significant bits or,comment,Game of Thrones,https://news.ycombinator.com/item?id=9372137,,,,pending_human_review,,,,pending_human_verification
real-08ae1d99a083b502,Have It by John Cooper Clarke; The Dodo Stories by Mary Mulholland; Red River Valley by Ian McMillan; Some Sacred Harbour by Roger Robinson; Otherwhere by Carolyn Forché,review,The best recent poetry –,https://www.theguardian.com/books/2026/oct/02/the-best-recent-poetry-review-roundup,,,,pending_human_review,,,,pending_human_verification
real-a118a81bb9e1c201,What brings you to the land of the gatekeepers?,youtube_transcript,Sintel,https://commons.wikimedia.org/w/index.php?title=TimedText:Sintel_movie_4K.webm.en.srt&oldid=175198974,00:02:09.400,00:02:13.800,,pending_human_review,,,,pending_human_verification
real-c98fb13eda54f38e,Jimmy Kimmel on Trump’s plan for AI safety: ‘Like asking your kids to self-police their Halloween candy’,headline,,https://www.theguardian.com/culture/2026/oct/01/jimmy-kimmel-trump-ai,,,,pending_human_review,,,,pending_human_verification
real-95574b76e36f8ae3,Sanjeev Bhaskar plays a patriarch handing over the family firm in a spinoff of The Split. It’s full-on sudsy fun right from the off,review,The Split Up,https://www.theguardian.com/tv-and-radio/2026/sep/20/the-split-up-sanjeev-bhaskar-bbc-review,,,,pending_human_review,,,,pending_human_verification
real-01411a644ffdf502,This trip into the celeb couple’s Cheshire mansion is nowhere as real as they’d like you to believe. But their self-deprecation is hard not to enjoy,review,The Real Rooneys,https://www.theguardian.com/tv-and-radio/2026/sep/24/the-real-rooneys-review-wayne-and-coleen-reality-show,,,,pending_human_review,,,,pending_human_verification
real-1c6b0d44922585a8,Primetime review – Robert Pattinson’s preening TV host hunts paedophiles but real drama proves harder to target,headline,,https://www.theguardian.com/film/2026/sep/07/primetime-review-robert-pattinson-venice-film-festival-lance-oppenheim,,,,pending_human_review,,,,pending_human_verification
real-3fdfb26159e427bc,"There's a bit of a lull after the end of season one, and towards the end of season 2. However, it really starts to pick up after that, and season 4 is something special. It",comment,Breaking Bad,https://news.ycombinator.com/item?id=4263148,,,,pending_human_review,,,,pending_human_verification
real-8d6f3e107020fae5,"But Arthur's level at that point is the hotel level; he never goes any deeper. He is at the exact same level when the second kick of hitting the water occurs, and for some reason",comment,Inception,https://news.ycombinator.com/item?id=3747409,,,,pending_human_review,,,,pending_human_verification
real-181eeee6a40b0df4,"Exactly. The totem is ""an elegant solution for keeping track of reality."" And reality is the garden on the cliff, something emphasized not only by the comparison of life to a dream and dreamers to",comment,Inception,https://news.ycombinator.com/item?id=3741873,,,,pending_human_review,,,,pending_human_verification
real-f41a0825c3c95869,"I think it's not uncommon for recreational psychedelic users to have a disdain and aversion to actual junkies , if using the 1970s sense of the word, would literally mean heroin addicts. Big dividing line",comment,Blade Runner,https://news.ycombinator.com/item?id=31901614,,,,pending_human_review,,,,pending_human_verification
real-b48538df1f64daec,The first novel in over a decade from the acclaimed Haitian-American author lacks the power of earlier works,review,Dèy by Edwidge Danticat,https://www.theguardian.com/books/2026/sep/30/dey-by-edwidge-danticat-review-motherhood-and-trauma-in-miami,,,,pending_human_review,,,,pending_human_verification
real-1534f68207a065ec,"PC; Nathan Grange, Léonard Lemaitre, Niels Tiercelin, IronEqual Race across impossible dystopian cityscapes in this exhilarating game of wall-runs, death-chancing leaps and split-second improvisation",review,Vholume,https://www.theguardian.com/games/2026/aug/26/vholume-review-parkour,,,,pending_human_review,,,,pending_human_verification
real-13ced938186d7599,"PC, Nintendo Switch, PlayStation 4/5, Xbox; Arbitrary Metric The latest work from the team behind Paratopic is part compulsive time-loop management sim, part eerie subterranean adventure",review,Roman Sands RE:Build,https://www.theguardian.com/games/2026/sep/21/roman-sands-rebuild-review-marooned-in-a-crumbling-vaporwave-dream,,,,pending_human_review,,,,pending_human_verification
real-1b6f7841bec29c70,"PlayStation 5 (version played), PC; Screen Burn Tragedy, and an apocalyptic fog, befall a fishing community. It is up to outsider Simon to offer some kind of closure",review,Silent Hill: Townfall,https://www.theguardian.com/games/2026/sep/21/silent-hill-townfall-review-screen-burn,,,,pending_human_review,,,,pending_human_verification
real-4fed69e3fba6e46e,Neagley review – this violent Reacher spinoff is a glorious hour off from normal life,headline,,https://www.theguardian.com/tv-and-radio/2026/sep/16/neagley-review-reacher-spinoff-amazon-prime-video,,,,pending_human_review,,,,pending_human_verification
real-7b3a1e3366641302,"Yeah, it's not really possible and as others have said it's by far the silliest possible way to accomplish unique file fingerprints.",comment,Game of Thrones,https://news.ycombinator.com/item?id=9375520,,,,pending_human_review,,,,pending_human_verification
real-2409f7824ed12531,"The comment I was replying to made it sound like this was insurance purely for recorded footage being destroyed, and not it being leaked. The former is very easy to fix by having everyone's workstations",comment,Severance,https://news.ycombinator.com/item?id=43524718,,,,pending_human_review,,,,pending_human_verification
real-aef5c05ca2f5a678,"John Oliver on the overstretched, underfunded Secret Service: ‘Actively reckless’",headline,,https://www.theguardian.com/tv-and-radio/2026/oct/05/john-oliver-secret-service,,,,pending_human_review,,,,pending_human_verification
real-f686ff442c178524,This blade has a dark past. It has shed much innocent blood.,youtube_transcript,Sintel,https://commons.wikimedia.org/w/index.php?title=TimedText:Sintel_movie_4K.webm.en.srt&oldid=175198974,00:01:47.250,00:01:55.800,,pending_human_review,,,,pending_human_verification
real-bf6f2848447c3cfa,"A boarding-school escapade becomes a wonderfully acted coming-of-age comedy, as two best friends find their world threatened by desire and adulthood",review,Extra Geography,https://www.theguardian.com/film/2026/oct/01/extra-geography-review-a-wickedly-funny-lesson-in-sex-class-and-female-friendship,,,,pending_human_review,,,,pending_human_verification
real-d307f8ec75b6ae84,"Alex Gibney’s documentary follows the celebrated author’s life up to and after the attack, but what shines through is Rushdie’s remarkable courage",review,Knife: The Attempted Murder of Salman Rushdie,https://www.theguardian.com/film/2026/oct/01/knife-the-attempted-of-salman-rushdie-review-terrifying-and-inspiring-story-of-survival,,,,pending_human_review,,,,pending_human_verification
real-4e774d66e91a3941,"Stenography: encode information such that it is below the human detection threshold. Lossy compression: discard all sub-threshold information. Thus, in the general case it's fundamentally impossible. You can make a scheme that will survive certain",comment,Game of Thrones,https://news.ycombinator.com/item?id=9381812,,,,pending_human_review,,,,pending_human_verification
real-a50b941c04b14d91,"Xbox, PC (version tested); The Coalition/Xbox Game Studios E-Day boasts the best combat in 20 years of Gears games – but everything surrounding it is disappointing",review,Gears of War: E-Day,https://www.theguardian.com/games/2026/sep/30/gears-of-war-e-day-review-xbox-pc,,,,pending_human_review,,,,pending_human_verification
real-db4f080b92f18801,"Watermill theatre, Newbury Ian Hallard impresses as the detecting rector in a thoughtful adaptation that sometimes strains under a villageful of suspects, victims and doubling actors",review,Murder Before Evensong,https://www.theguardian.com/stage/2026/oct/02/before-evensong-review-watermill-theatre,,,,pending_human_review,,,,pending_human_verification
real-7d4c7400002ca5b6,Children’s and teens roundup – the best new picture books and novels,headline,,https://www.theguardian.com/books/2026/sep/18/childrens-and-teens-roundup-the-best-new-picture-books-and-novels,,,,pending_human_review,,,,pending_human_verification
real-2e06c36d953d3d8f,Sometimes you want prestige drama that roils with nuance and complexity. And sometimes you want Armitage shouting in a cagoule,review,Winter,https://www.theguardian.com/tv-and-radio/2026/sep/30/winter-review-a-pathology-potboiler-that-lacks-nuance-but-looks-great,,,,pending_human_review,,,,pending_human_verification
real-52c2801c9cc726bb,"Also true of Also true of Lynch's version. Also true of Jodorowsky's abortive attempt. Is it that Dune books seem slow-moving? Is it the concepts being difficult to visualize? Also, are Dune and Don Quixote",comment,Dune,https://news.ycombinator.com/item?id=29030432,,,,pending_human_review,,,,pending_human_verification
real-eae33bbb9a50964c,"What we’re reading: China Miéville, Sebastian Barry, Derek Owusu and Guardian readers on the books they enjoyed in September",headline,,https://www.theguardian.com/books/2026/oct/01/what-were-reading-sebastian-barry-china-mieville-readers-and-derek-owusu-on-the-books-they-enjoyed-in-september,,,,pending_human_review,,,,pending_human_verification
real-5393fce4c19d3e7a,"Listen Celia, I was young... ...and a dick. But that's no reason to destroy the world.",youtube_transcript,Tears of Steel,https://commons.wikimedia.org/wiki/TimedText:Tears_of_Steel_1080p.webm.en.srt,00:05:56.000,00:06:03.000,,pending_human_review,,,,pending_human_verification
real-78ede30efd071b41,The Weight review – Ethan Hawke leads sturdy adventure set in the 30s,headline,,https://www.theguardian.com/film/2026/jan/27/the-weight-review-ethan-hawke-sundance,,,,pending_human_review,,,,pending_human_verification
real-2e90fd9cacf21ca2,"""Space"" mostly works here, although the frames don't come off well aligned.",comment,Inception,https://news.ycombinator.com/item?id=3737115,,,,pending_human_review,,,,pending_human_verification
real-53bfa193277699e9,Do humans really have a ‘lizard brain’ lurking beneath our rational minds?,headline,,https://www.theguardian.com/science/2026/oct/04/lizard-brain-rational-mind-neuroscience,,,,pending_human_review,,,,pending_human_verification
real-dfd9673cda202d62,"From the comments page: ""A tribute to the best fucking series in the world."" Amen to that. Best.Show.Ever.Bitch.",comment,Breaking Bad,https://news.ycombinator.com/item?id=4262678,,,,pending_human_review,,,,pending_human_verification
real-087f01bb1b746efc,"Rick Rubin’s eight-part interview series with the MC is irritatingly unstructured, has portions that feel like filler and would hugely benefit from a different medium – which encourages use of the pause button",review,Jay-Z in 8,https://www.theguardian.com/tv-and-radio/2026/sep/19/jay-z-in-8-review-rick-rubin-mubi,,,,pending_human_review,,,,pending_human_verification
real-0eca5406ca072c75,The most hotly anticipated TV show of the year is here! And a number of the stars – ahem Grant Mitchell – are struggling already …,review,The Celebrity Traitors,https://www.theguardian.com/tv-and-radio/2026/oct/01/the-celebrity-traitors-review-bbc,,,,pending_human_review,,,,pending_human_verification
real-617fba7ae69a73cf,Near-mystical musings from a scientist who believes we are on the brink of a revolution in understanding ourselves,review,On the Equality of All Things by Carlo Rovelli,https://www.theguardian.com/books/2026/sep/30/on-the-equality-of-all-things-by-carlo-rovelli-review-a-physicists-guide-to-life-the-universe-and-everything,,,,pending_human_review,,,,pending_human_verification
real-983e5b0afb0015f8,The actors co-star in a lightly fictionalised meta-comedy about their real-life bromance – and possible sharing of parents. It’s a tasty little treat,review,Brothers,https://www.theguardian.com/tv-and-radio/2026/sep/23/brothers-review-woody-harrelson-and-matthew-mcconaugheys-super-fun-sitcom-about-the-chance-theyre-related,,,,pending_human_review,,,,pending_human_verification
real-e9d066177099ac17,"Szubanski’s latest book delves into both her mother’s decline, and her triumphant fight for marriage equality",review,I Can’t Tell You But I Will by Magda Szubanski,https://www.theguardian.com/books/2026/sep/29/magda-szubanski-memoir-i-cant-tell-you-but-i-will-book-review,,,,pending_human_review,,,,pending_human_verification
real-eb371a56033f815b,Heart of the Beast review – Brad Pitt survivalist dogmance serves up wilderness with side of cheese,headline,,https://www.theguardian.com/film/2026/sep/22/heart-of-the-beast-review-brad-pitt-survivalist-dogmance-serves-up-wilderness-with-side-of-cheese,,,,pending_human_review,,,,pending_human_verification
real-2782ebbfa1975662,"Shane Caruth also starred in the movie, wrote it, directed it, edited, and wrote the soundtrack all on his own dime. http://en.wikipedia.org/wiki/Primer_(film)",comment,Inception,https://news.ycombinator.com/item?id=3737899,,,,pending_human_review,,,,pending_human_verification
real-6d09b2563bedc804,I think the same! It is k choices per scene for s scenes.,comment,Game of Thrones,https://news.ycombinator.com/item?id=9370291,,,,pending_human_review,,,,pending_human_verification
real-df26571d27d9a7a3,Incinerated novels and destroyed warehouses: Russia’s war on Ukrainian books,headline,,https://www.theguardian.com/world/ng-interactive/2026/oct/04/incinerated-novels-destroyed-warehouses-russia-war-ukrainian-books,,,,pending_human_review,,,,pending_human_verification
real-9db4aac22279959b,"PlayStation 5, Xbox Series S/X, PC; Asobo Studio The medieval franchise is transplanted to Crete, conjuring action-adventure magic from familiar ingredients",review,Resonance: A Plague Tale Legacy,https://www.theguardian.com/games/2026/aug/27/resonance-a-plague-tale-legacy-review,,,,pending_human_review,,,,pending_human_verification
real-341e47b9ab5ff12b,"The company claiming something you said, even out of context, could be interpreted as coming from the company. If you choose to disclose you work for a company, you become a spokesperson for that company",comment,Severance,https://news.ycombinator.com/item?id=43526053,,,,pending_human_review,,,,pending_human_verification
real-9e172b4c4e5b95d7,"PlayStation 5; Insomniac Games Logan is well realised by Liam McIntyre and some exquisite character art, but there are lapses in narrative and emotional arcs and some of the combat feels like a chore",review,Marvel’s Wolverine,https://www.theguardian.com/games/2026/sep/10/marvels-wolverine-review-a-gloriously-conflicted-lead-is-let-down-by-crude-boring-battling,,,,pending_human_review,,,,pending_human_verification
real-ea4251668ceded4a,"As a drug user, the first scene of the show is one of the most fantastic and accurate descriptions of the ineffable effect of psychedelics.",comment,The Good Place,https://news.ycombinator.com/item?id=16262893,,,,pending_human_review,,,,pending_human_verification
real-4e3348408cb8e332,"PlayStation 5, Xbox Series S/X, PC; Bit Reactor Split priorities between scripted and emergent story moments hamper an otherwise brilliant Star Wars-themed successor to XCOM",review,Star Wars Zero Company,https://www.theguardian.com/games/2026/sep/02/star-wars-zero-company-review-joyfully-absurd-heroics-with-a-tight-knit-team-of-misfits,,,,pending_human_review,,,,pending_human_verification
real-39b66b8c4bd53168,French farce set in the tumultuous three hours prior to the opening night performance of Macbeth features comic-timing perfection from cast,review,Comédie Française,https://www.theguardian.com/film/2026/oct/05/comedie-francaise-review-pauline-clement,,,,pending_human_review,,,,pending_human_verification
real-f78ff8b7473240d0,">The book suggests that the Dune men have some contact (even friendship) with Fremen, but they don’t seem to be Fremen themselves, which presents an intriguing possibility. An alliance between the extractive workers and the",comment,Dune,https://news.ycombinator.com/item?id=29016014,,,,pending_human_review,,,,pending_human_verification
real-56931649e3580dc8,"Get him, Scales! Come on!",youtube_transcript,Sintel,https://commons.wikimedia.org/w/index.php?title=TimedText:Sintel_movie_4K.webm.en.srt&oldid=175198974,00:04:10.350,00:04:13.850,,pending_human_review,,,,pending_human_verification
real-ed5b5d97865bf21d,‘I spat in Sean Connery’s face 16 times’: Ron Perlman on making The Name of the Rose,headline,,https://www.theguardian.com/culture/2026/oct/05/sean-connery-ron-perlman-the-name-of-the-rose,,,,pending_human_review,,,,pending_human_verification
real-c99a6a5feab8621a,"Yes, the set piece is very impressive, but thats the upside of running on rails, the devs have complete control over almost everything. When you're dumped in the world on your own the environment is",comment,The Matrix,https://news.ycombinator.com/item?id=29538198,,,,pending_human_review,,,,pending_human_verification
real-0c5c35ada3cdbf1a,"You're a jerk, Thom.",youtube_transcript,Tears of Steel,https://commons.wikimedia.org/wiki/TimedText:Tears_of_Steel_1080p.webm.en.srt,00:00:23.000,00:00:24.500,,pending_human_review,,,,pending_human_verification
real-01a10282e5a341b1,"I don’t know, i was kind of blown away by the length of the end credits screen in call of duty. I reckon there were several thousand names listed there. Fwiw this demo is on",comment,The Matrix,https://news.ycombinator.com/item?id=29538693,,,,pending_human_review,,,,pending_human_verification
real-4564498ddc3116bb,Paul Verhoeven does not and would never intend for his film to recruit for the US military.,comment,Blade Runner,https://news.ycombinator.com/item?id=31898191,,,,pending_human_review,,,,pending_human_verification
real-07cc40f4dfd132fd,Which is likely why it's clearly introduced as an anecdote and not a fact.,comment,Severance,https://news.ycombinator.com/item?id=43525026,,,,pending_human_review,,,,pending_human_verification
real-1c7f8b38b3f5f9fd,Different strokes for different folks. I forced my self to sit through 6 hours of the wire before I declared it mind numbingly dull and realized I wasn't going to get what others were getting,comment,Breaking Bad,https://news.ycombinator.com/item?id=4263504,,,,pending_human_review,,,,pending_human_verification
real-b823321735186971,"There are some modern games with very impression animation, for example The Last of Us 2. That is a lot of work and the quality of animations varies a lot between games, even for AAA",comment,The Matrix,https://news.ycombinator.com/item?id=29538835,,,,pending_human_review,,,,pending_human_verification
real-7f8e094dce9eee00,"I'm not advocating for vendor locking, it's not what I said. I said if they wanted to advertise macs for enterprise video editing they should have implemented this in FCP natively. This however wouldn't be",comment,Severance,https://news.ycombinator.com/item?id=43545665,,,,pending_human_review,,,,pending_human_verification
real-6392dd1e8922560d,Without Blood review – Angelina Jolie’s lacklustre war drama is another misfire,headline,,https://www.theguardian.com/film/article/2024/sep/09/without-blood-review-angelia-jolie,,,,pending_human_review,,,,pending_human_verification
real-bca060926dcde6e8,"Agreed - thus one can argue that the movie is aimed at people who have read the book. Without the background knowledge provided by the book, the film is in a limbo of much ado",comment,Dune,https://news.ycombinator.com/item?id=29015201,,,,pending_human_review,,,,pending_human_verification
real-543cc5f3bee4cc3b,"When a movie is presenting coercive behavior as good, yes it does bother me. Yes within the story his behavior is validated - it was what she needed blah blah blah. That’s fine. But how",comment,Blade Runner,https://news.ycombinator.com/item?id=31904677,,,,pending_human_review,,,,pending_human_verification
real-84c6df4ecd8e61d3,"Maybe so, but HBO isn't obligated to prove guilt beyond reasonable doubt. Arguably if someone can't keep the screener secured from internet thieves they're still not a trustworthy guardian of the content.",comment,Game of Thrones,https://news.ycombinator.com/item?id=9372537,,,,pending_human_review,,,,pending_human_verification
real-08ee13a49b059f22,"This brutal, hilarious new show about life as a fiftysomething is full of all the heart and humour of human life. At points it’s mesmerisingly perfect",review,Youth,https://www.theguardian.com/tv-and-radio/2026/sep/22/youth-review-sharon-horgan-is-back-and-shes-better-than-ever,,,,pending_human_review,,,,pending_human_verification
real-94b7318a995ac914,"I cannot remember if he used 'junkie' or 'drogado' or other terms when referring to those actors that had been a dangerous nuisance in the filming process. Surely he was fuming and rightly, commonsensically contemptuous",comment,Blade Runner,https://news.ycombinator.com/item?id=31902048,,,,pending_human_review,,,,pending_human_verification
real-3a0cac7cb1d49404,"1) You don't think they depend on Blackmagic when they have sold their hardware to their customers.. what? 2) Let me quote someone, you: ""AVID's shared media offerings are tenfold the cost of other storage",comment,Severance,https://news.ycombinator.com/item?id=43555201,,,,pending_human_review,,,,pending_human_verification
real-e4e37d99d25edd02,"Meet the real-life Pokémon professors, the unsung heroes of competitive monster-battling",headline,,https://www.theguardian.com/games/2026/sep/24/meet-the-real-life-pokemon-professors-the-unsung-heroes-of-competitive-monster-battling,,,,pending_human_review,,,,pending_human_verification
real-86cfe363ac2989e5,NAZA film-makers say they spoke to more than 100 sources about Israeli actions in Gaza,headline,,https://www.theguardian.com/film/2026/oct/01/makers-naza-film-spoke-more-than-100-sources-israeli-actions-gaza,,,,pending_human_review,,,,pending_human_verification
real-69cef95677128a4a,What are you trying to say? I saw his films. Why should I know anything about a director to make a judgement on the film I watched. It looks like you are trying to pool,comment,Blade Runner,https://news.ycombinator.com/item?id=31897763,,,,pending_human_review,,,,pending_human_verification
real-6d9fe487f2f5a2de,‘Our job was not to attack’: how do you make a documentary about America’s culture wars?,headline,,https://www.theguardian.com/tv-and-radio/2026/sep/22/bucks-county-usa-documentary-culture-wars,,,,pending_human_review,,,,pending_human_verification
real-ca435100e540aff0,"Menier Chocolate Factory, London Jesse Tyler Ferguson’s 85-minute monologue and Paul Farnsworth’s immersive set deserve better than a Broadway museum piece text on the Breakfast At Tiffany’s author",review,Tru,https://www.theguardian.com/stage/2026/sep/28/tru-review-a-five-star-performance-of-a-three-star-script-about-the-life-of-truman-capote,,,,pending_human_review,,,,pending_human_verification
real-fa2ef5e79168b330,Nicolas Cage calls Marvel movies ‘a glorified WWE’ with over-50s in ‘ridiculous outfits’,headline,,https://www.theguardian.com/film/2026/oct/01/nicolas-cage-marvel-movies-glorified-wwe-ridiculous-outfits,,,,pending_human_review,,,,pending_human_verification
real-b8e7b02dff904091,I'm searching for someone.,youtube_transcript,Sintel,https://commons.wikimedia.org/w/index.php?title=TimedText:Sintel_movie_4K.webm.en.srt&oldid=175198974,00:02:15.000,00:02:17.500,,pending_human_review,,,,pending_human_verification
real-59722c743a550ff3,Robot's memory synced and locked!,youtube_transcript,Tears of Steel,https://commons.wikimedia.org/wiki/TimedText:Tears_of_Steel_1080p.webm.en.srt,00:00:50.000,00:00:53.500,,pending_human_review,,,,pending_human_verification
real-584a15f558f9793b,"This isn't going to be a game. They wanted to show UE5 working on current gen consoles and showcase the tooling, for example the city was built procedurally with Houdini. Even the free roaming is",comment,The Matrix,https://news.ycombinator.com/item?id=29538228,,,,pending_human_review,,,,pending_human_verification
real-501b0421ca5055b1,"I have failed. You've only failed to see... These are dragon lands, Sintel. You are closer than you know.",youtube_transcript,Sintel,https://commons.wikimedia.org/w/index.php?title=TimedText:Sintel_movie_4K.webm.en.srt&oldid=175198974,00:07:25.850,00:07:44.000,,pending_human_review,,,,pending_human_verification
real-71644f1a57110717,Reanimated AI Greta Garbo stars again … in a ball-bearing advert,headline,,https://www.theguardian.com/film/2026/sep/30/ai-greta-garbo-stars-again-ball-bearing-advert,,,,pending_human_review,,,,pending_human_verification
real-fbe3bd227cc3d098,The Talking Heads frontman considers dormant ideas that made a comeback – from Indian irrigation to Kafka,review,Sleeping Beauties by David Byrne,https://www.theguardian.com/music/2026/oct/05/sleeping-beauties-by-david-byrne-review-a-quirky-journey-through-the-afterlife-of-invention,,,,pending_human_review,,,,pending_human_verification
real-4b448a2503ec4385,I agree. And the end of the season 4 is imo one of the best things I ever saw on a screen.,comment,Breaking Bad,https://news.ycombinator.com/item?id=4263324,,,,pending_human_review,,,,pending_human_verification
real-bf4a5e2bad17538b,Someone very dear? A kindred spirit? A dragon.,youtube_transcript,Sintel,https://commons.wikimedia.org/w/index.php?title=TimedText:Sintel_movie_4K.webm.en.srt&oldid=175198974,00:02:18.000,00:02:25.000,,pending_human_review,,,,pending_human_verification
real-f8a656c1237bc87d,"It depends on the blurring method. If you do a gaussian blur, for example, you might be able to do a pretty good inverse blur by finding black frames and performing blind deconvolution. If I",comment,Game of Thrones,https://news.ycombinator.com/item?id=9371001,,,,pending_human_review,,,,pending_human_verification
real-8b650b96c040294f,Nintendo Switch 2 The single-player offshoot of the quirky and colourful multiplayer series is disappointingly run-of-the-mill,review,Splatoon Raiders,https://www.theguardian.com/games/2026/jul/21/splatoon-raiders-review-nintendo-switch-2,,,,pending_human_review,,,,pending_human_verification
real-9eef6858db96ebfa,Children and teens roundup – the best new picture books and novels,headline,,https://www.theguardian.com/books/2026/jun/26/children-and-teens-roundup-the-best-new-picture-books-and-novels,,,,pending_human_review,,,,pending_human_verification
real-6630022a11d0459b,Monster: The Lizzie Borden Story review – it’s like Ryan Murphy’s new series was written by adolescent boys,headline,,https://www.theguardian.com/tv-and-radio/2026/sep/17/monster-the-lizzie-borden-story-review-netflix,,,,pending_human_review,,,,pending_human_verification
real-7bdcb8e73eae25a0,"A twisting, beguiling investigation into the art of poetry that ends in a call to arms on behalf of the natural world",review,Rhapsody: A Manifesto by Alice Oswald,https://www.theguardian.com/books/2026/oct/02/rhapsody-a-manifesto-by-alice-oswald-review-a-history-of-the-spoken-word-from-homer-to-ted-hughes,,,,pending_human_review,,,,pending_human_verification
real-b6732fc700d44b80,"Of course you're ready, you're a rockstar.",youtube_transcript,Tears of Steel,https://commons.wikimedia.org/wiki/TimedText:Tears_of_Steel_1080p.webm.en.srt,00:03:13.000,00:03:15.000,,pending_human_review,,,,pending_human_verification
real-812a68cab2358b4e,"Moebius and Giger were the Wozniaks, Jodorowsky was a mere Steve Jobs.",comment,Blade Runner,https://news.ycombinator.com/item?id=31896747,,,,pending_human_review,,,,pending_human_verification
real-bafb1358c3fcdd3f,"I like the show. With that said, I have a bachelor's degree in philosophy, and the show (i.e., the character Chidi) mentions philosophers and concisely recounts their views in broad strokes, but I can't recall",comment,The Good Place,https://news.ycombinator.com/item?id=16262677,,,,pending_human_review,,,,pending_human_verification
real-0d05400ab671105f,The novelist has expanded her devastating 2014 short story about an imagined affair between Daphne du Maurier and a fictional Polish-Jewish housekeeper,review,The Housekeeper by Rose Tremain,https://www.theguardian.com/books/2026/oct/05/the-housekeeper-by-rose-tremain-review-a-bloodless-origin-story-for-du-mauriers-rebecca,,,,pending_human_review,,,,pending_human_verification
real-ea7a95676857472a,I think people were pretty blown away by the mRNA vaccines for example.,comment,The Matrix,https://news.ycombinator.com/item?id=29540614,,,,pending_human_review,,,,pending_human_verification
real-e74f660c7f7cb0d0,"First, I don't use Google, but that's not the point. Second, please tell me how the fact that you can use no video interface card or Aja means you're dependent on Blackmagic. Third, please tell",comment,Severance,https://news.ycombinator.com/item?id=43525374,,,,pending_human_review,,,,pending_human_verification
real-29405a0b01773394,what impressed me is the latency low enough to game remotely. This seems unattainable in the bay area.,comment,Severance,https://news.ycombinator.com/item?id=43525723,,,,pending_human_review,,,,pending_human_verification
real-f616053b320aa9b4,"PlayStation 5, PC; Arc System Works/Sony Interactive Entertainment With tremendous visuals and accessible controls, this superhero-themed fighter has the chops to inspire a new generation of champs",review,Marvel Tōkon: Fighting Souls,https://www.theguardian.com/games/2026/aug/12/marvel-tokon-fighting-souls-review,,,,pending_human_review,,,,pending_human_verification
real-d7baf8599bd9d4e7,This Luxembourg-made movie about a couple who venture east to save their son features some impressive film-making,review,Child,https://www.theguardian.com/film/2026/sep/29/child-review-luxembourg-horror,,,,pending_human_review,,,,pending_human_verification
real-53f9021d18ce7c30,I'm freaked out! I have nightmares that I'm being chased... ...by these giant robotic claws of death...,youtube_transcript,Tears of Steel,https://commons.wikimedia.org/wiki/TimedText:Tears_of_Steel_1080p.webm.en.srt,00:00:38.000,00:00:42.000,,pending_human_review,,,,pending_human_verification
real-e3ec5d54d90ff014,"50 years separates that from this: https://www.youtube.com/watch?v=fiShX2pTz9A Fifty years! Just Half a Century! It's nothing, nada, niente, 0! compared to the scale of universe. The Idea of a simulation isn't absurd if we take this",comment,The Matrix,https://news.ycombinator.com/item?id=29545917,,,,pending_human_review,,,,pending_human_verification
real-80c67cb45c200e9c,Aditya Chakrabortty and Yanis Varoufakis dissect democracy: best podcasts of the week,headline,,https://www.theguardian.com/tv-and-radio/2026/oct/05/aditya-chakrabortty-and-yanis-varoufakis-dissect-democracy-best-podcasts-of-the-week,,,,pending_human_review,,,,pending_human_verification
real-e1d5eef57f0d0931,"I think the most impressive feat of the demo is making people think some of the filmed parts were ""obvious CG"".",comment,The Matrix,https://news.ycombinator.com/item?id=29539675,,,,pending_human_review,,,,pending_human_verification
real-8ad288232fd8b2b6,"I really enjoyed Dark City. The directors cut is best, though, because it doesn’t give away the twist at the beginning like the theatrical cut did.",comment,Inception,https://news.ycombinator.com/item?id=3737883,,,,pending_human_review,,,,pending_human_verification
real-62b823e8c09edb2c,‘Brave from the beginning’: 20 years of Friday Night Lights – the sports drama that dared to be different,headline,,https://www.theguardian.com/tv-and-radio/2026/oct/03/friday-night-lights-us-sports-drama-20-years,,,,pending_human_review,,,,pending_human_verification
real-a881b788e4f2adcb,"I'll try one last time before giving up :) OPEC doesn't feel like the right analogy. OPEC is a foreign state. Arrakis seems to be, like all planets, owned by the galactic empire. It is",comment,Dune,https://news.ycombinator.com/item?id=29025740,,,,pending_human_review,,,,pending_human_verification
real-7fceb759a59290f1,Saturday Night Live: Dakota Johnson struggles through weak episode as Taylor Swift gatecrashes,headline,,https://www.theguardian.com/tv-and-radio/2026/oct/04/saturday-night-live-dakota-johnson-host-taylor-swift-cameo,,,,pending_human_review,,,,pending_human_verification
real-94c9c04895a96024,"Does she like rollercoasters? I feel like it's a show for people who like extreme tension and the catharsis of relief, cause my wife and mother-in-law totally dig it.",comment,Breaking Bad,https://news.ycombinator.com/item?id=4262967,,,,pending_human_review,,,,pending_human_verification
real-1582176c9667f592,"Don’t hate the movie, hate the critic! Digger’s new PR push is a risky bet for film that was never meant to be divisive",headline,,https://www.theguardian.com/film/2026/oct/01/digger-ad-tom-cruise-movie,,,,pending_human_review,,,,pending_human_verification
real-a44e62e87912152a,Seth Meyers on Trump: ‘Is there anything this grub won’t make us pay for?’,headline,,https://www.theguardian.com/culture/2026/oct/02/seth-meyers-trump-taxpayer-funded-ads,,,,pending_human_review,,,,pending_human_verification
real-4b6e0762bb18bf78,You asked why people find it difficult to pick up them dismissed the reason I gave... Your experience is not universal.,comment,Dune,https://news.ycombinator.com/item?id=29017387,,,,pending_human_review,,,,pending_human_verification
real-d2ca51dce78ddcb0,Suzannah Mirghani’s first feature contains a powerful performance by Rabha Mohamed Mahmoud as a village’s elder woman and tackles the long shadow of British imperialism and women’s rights,review,Cotton Queen,https://www.theguardian.com/film/2026/sep/30/cotton-queen-review-sudanese-debut-suzannah-mirghani,,,,pending_human_review,,,,pending_human_verification
real-f4a44f2a16d2410b,Vangelis’ own Chariots of Fire and 1492 are exceptional scores.,comment,Blade Runner,https://news.ycombinator.com/item?id=31896542,,,,pending_human_review,,,,pending_human_verification
real-a16663e5b523ee98,"I worry more about torrent piracy in Australia — with impending Dallas Buyers Club lawsuits, I'm recommending everybody I know find it through alternate means or investigate VPNs. No matter how it was leaked, no",comment,Game of Thrones,https://news.ycombinator.com/item?id=9371485,,,,pending_human_review,,,,pending_human_verification
real-685a15828abc98fe,The article isn't about Apple lagging on collaboration. The article is about Apple lagging on virtual desktop infrastructure.,comment,Severance,https://news.ycombinator.com/item?id=43525757,,,,pending_human_review,,,,pending_human_verification
real-9f3415474ffb4152,"Many of the original cast of this Cosby Show-spinoff are back (including Jada Pinkett-Smith, briefly). Its look at life on a black college campus has its sights set firmly on comedy",review,A Different World,https://www.theguardian.com/tv-and-radio/2026/sep/24/a-different-world-review,,,,pending_human_review,,,,pending_human_verification
real-c5349e0f83e58488,Anne Hathaway and Josh Hartnett co-star in this unconvincing mystery about a struggling writer who is asked to ghostwrite for a bestselling author,review,Verity,https://www.theguardian.com/film/2026/sep/30/verity-review-dakota-johnson-anne-hathaway-josh-hartnett,,,,pending_human_review,,,,pending_human_verification
real-f2b3b17a7d21a94f,"From the Beatles and the World Cup to racism and homophobia, the latest instalment in Kynaston’s series captures a society in the throes of change",review,Deep into the Sixties: Britain 1965-66 by David Kynaston,https://www.theguardian.com/books/2026/sep/28/deep-into-the-sixties-britain-1965-66-by-david-kynaston-review-beatles-bigots-and-streets-in-the-sky,,,,pending_human_review,,,,pending_human_verification
real-e4443a877b7825e0,"The best books to read in September: new paperbacks from Margaret Atwood, Kiran Desai and Richard Holmes",headline,,https://www.theguardian.com/books/ng-interactive/2026/sep/18/the-best-books-to-read-in-september-new-paperbacks-from-margaret-atwood-kiran-desai-and-richard-holmes,,,,pending_human_review,,,,pending_human_verification
real-ae5e8d9a977020a5,I had the same feeling. I actually switched over to a wheel mouse because I tried using this on an Apple touchpad and it was not a happy animation. I'm pretty forgiving about the smoothness,comment,Inception,https://news.ycombinator.com/item?id=3738276,,,,pending_human_review,,,,pending_human_verification
real-61537ba85a66d089,How Zach Cregger’s Resident Evil stands out from all other game adaptations,headline,,https://www.theguardian.com/games/2026/sep/30/pushing-buttons-zach-cregger-resident-evil-film-adaptation,,,,pending_human_review,,,,pending_human_verification
real-884da14ffd25b43f,"This Northern Ireland-set police drama has never felt like this before … Race riots, organised crime and institutional politics bring it bang up to date",review,Blue Lights,https://www.theguardian.com/tv-and-radio/2026/sep/29/blue-lights-review-bbc,,,,pending_human_review,,,,pending_human_verification
real-764b7ea75fb5e8f3,"This preposterous nonsense probably had high intentions – and then realised it’s easier to replace credible writing with gunfights, car chases and ear-bitings",review,Kill Jackie,https://www.theguardian.com/tv-and-radio/2026/oct/02/kill-jackie-review-catherine-zeta-jones-assassin-thriller-prime-video,,,,pending_human_review,,,,pending_human_verification
real-7ffdd5b466a2cb92,"Breaking bad is great. However, The Wire is definitely the best TV show ever.",comment,Breaking Bad,https://news.ycombinator.com/item?id=4265827,,,,pending_human_review,,,,pending_human_verification
real-8b7e5ec75da277ae,Playing video games with my 22-year-old son has brought me to tears | Dominik Diamond,headline,,https://www.theguardian.com/games/2026/sep/25/playing-video-games-with-my-22-year-old-son-has-brought-me-to-tears-call-of-duty-modern-warfare-2,,,,pending_human_review,,,,pending_human_verification
real-cb8fe1f76c59eece,Forgotten Island review – best friends forever trapped in frantic DreamWorks animation,headline,,https://www.theguardian.com/film/2026/sep/24/forgotten-island-review-best-friends-forever-trapped-in-soulless-animation-dreamworks,,,,pending_human_review,,,,pending_human_verification
real-9bdc0c0b503c5989,"Good night, Scales.",youtube_transcript,Sintel,https://commons.wikimedia.org/w/index.php?title=TimedText:Sintel_movie_4K.webm.en.srt&oldid=175198974,00:03:48.250,00:03:52.250,,pending_human_review,,,,pending_human_verification
real-845e0e57cfa80cb5,"Here's the site: https://order.hbonow.com/ I don't have an iOS device or their specific supported ISP, so I haven't signed up.",comment,Game of Thrones,https://news.ycombinator.com/item?id=9370947,,,,pending_human_review,,,,pending_human_verification
real-3d03bcf7eb8c5c60,Slow Horses season six review – it gets harder to enjoy Gary Oldman’s spy thriller every year,headline,,https://www.theguardian.com/tv-and-radio/2026/sep/16/slow-horses-season-six-review-gary-oldman-spy-thriller-apple-tv,,,,pending_human_review,,,,pending_human_verification
real-614ef7300d8f1055,"I watched it the other day, along with its recent 2049 sequel, and felt much teh same thing about its portrayal of women. Really ... dated. There is so much stuff that is emotionally more",comment,Blade Runner,https://news.ycombinator.com/item?id=31908362,,,,pending_human_review,,,,pending_human_verification
real-414425146c559114,"Film-maker Eleanor Mortimer accompanies a scientific expedition to the deep Pacific, where new creatures are abundant yet threatened by sea mining",review,How Deep Is Your Love,https://www.theguardian.com/film/2026/sep/30/how-deep-is-your-love-review-nature-doc-eleanor-mortimer,,,,pending_human_review,,,,pending_human_verification
real-64762c2cee206518,Your Mother Your Mother Your Mother review – Mahershala Ali is a grieving hitman in soulful thriller,headline,,https://www.theguardian.com/film/2026/sep/12/your-mother-your-mother-your-mother-review,,,,pending_human_review,,,,pending_human_verification
real-72ec617a1e509978,Tom Cruise’s Digger has flopped spectacularly – but I think it is a misunderstood masterpiece,headline,,https://www.theguardian.com/film/2026/oct/05/digger-tom-cruise-movie-box-office-critics-reviews-misunderstood-masterpiece,,,,pending_human_review,,,,pending_human_verification
real-2fe66f66c9523fc9,"PC, Xbox, PlayStation 5; Game Freak/Fictions Game Freak channels a post-apocalyptic reality that reflects our own repetitive erosion cycles, with a fair bit of hand-holding",review,Beast of Reincarnation,https://www.theguardian.com/games/2026/aug/04/beast-of-reincarnation-review,,,,pending_human_review,,,,pending_human_verification
real-82df1b329c7ea977,"New York film festival: Paul Rudd, Paul Giamatti and Tatiana Maslany lead an excellent ensemble in this dramatization of a failed conference on climate change",review,A Statement,https://www.theguardian.com/film/2026/oct/03/a-statement-film-review,,,,pending_human_review,,,,pending_human_verification
real-70e370c0c8649dc2,"Maybe androids in Electric Sheep have almost a Capgras Delusion quality, especially in the scene in the fake police station. They seem human but they're lacking an essential emotional quality that makes them 'real.'",comment,Blade Runner,https://news.ycombinator.com/item?id=31893548,,,,pending_human_review,,,,pending_human_verification
real-d99d70588c08dd9e,"PlayStation 5, Xbox Series S/X, PC; Frogwares Frogwares’ Lovecraftian action-horror is full of grim tenacity and pulp paperback charm, despite a few frayed edges",review,The Sinking City 2,https://www.theguardian.com/games/2026/aug/17/the-sinking-city-2-review-ukrainian-playstation-5-xbox-series-pc-frogwares,,,,pending_human_review,,,,pending_human_verification
real-e9184755b90eb55e,If I am running a game at under 60 fps or less I probably will assume something is wrong. I feel pretty bad if I sit and stare at a low fps game too long.,comment,The Matrix,https://news.ycombinator.com/item?id=29540555,,,,pending_human_review,,,,pending_human_verification
real-d2a7953500f8245c,New York film festival: No spoilers here – TV’s grand illusionist meets his match when he moves in with Theranos founder and her family,review,You Can See Everything,https://www.theguardian.com/film/2026/oct/01/you-can-see-everything-movie-review,,,,pending_human_review,,,,pending_human_verification
real-89aa80ddc9cfd17b,"You're a fool for traveling alone, so completely unprepared. You're lucky your blood's still flowing.",youtube_transcript,Sintel,https://commons.wikimedia.org/w/index.php?title=TimedText:Sintel_movie_4K.webm.en.srt&oldid=175198974,00:01:58.000,00:02:04.800,,pending_human_review,,,,pending_human_verification
real-83ff9078086c6abb,I think it is so essential that people see the movie in a proper theater with surround sound rather than on a computer screen via HBO max. The soundtrack (which is some of Hans Zimmer's,comment,Dune,https://news.ycombinator.com/item?id=29015494,,,,pending_human_review,,,,pending_human_verification
real-0f531317c78b3989,"4k maybe, but 60fps should be the minimum going forward IMO. Or at the very least a 60fps option in all games. I think 30fps is a straight up usability issue. The only times I've",comment,The Matrix,https://news.ycombinator.com/item?id=29538869,,,,pending_human_review,,,,pending_human_verification
real-19b2da34ecf8d42a,Saturday Night Live: Jalen Brunson makes for stiff host in underwhelming season premiere,headline,,https://www.theguardian.com/tv-and-radio/2026/sep/27/saturday-night-live-season-premiere-jalen-brunson,,,,pending_human_review,,,,pending_human_verification
real-fd6ac59d44e7afec,Lol we both know the intention here was snobbery. Just reference the painting in English instead of communicating with terminology everyone has to Google.,comment,Blade Runner,https://news.ycombinator.com/item?id=31895010,,,,pending_human_review,,,,pending_human_verification
real-3529582b8df0a55b,‘Exceptionally crafted’: why Little Shop of Horrors is my feelgood movie,headline,,https://www.theguardian.com/film/2026/oct/05/little-shop-of-horrors-feelgood-movie,,,,pending_human_review,,,,pending_human_verification
real-241424661d510ace,">Ever since the middle of season one where he was given the out (the rich couple offered to pay) I just couldn't stand him. Ah, you should have kept watching as this was explained. I'm",comment,Breaking Bad,https://news.ycombinator.com/item?id=4266075,,,,pending_human_review,,,,pending_human_verification
real-69dfa0dd157f7170,"The presenters look terrified and some of the celebs are hard to identify, but Strictly remains a rare refuge of joy",review,Strictly Come Dancing,https://www.theguardian.com/tv-and-radio/2026/sep/19/strictly-come-dancing-review-delighted-new-hosts-helps-show-feel-genuinely-fresh,,,,pending_human_review,,,,pending_human_verification
real-a8edbc82bd9e33e9,"PC, Nintendo Switch/Switch 2, PS5, Xbox Series X/S; Konami This second collection remasters another three titles from the illustrious stealth espionage series, but their world has changed little since the original releases",review,Metal Gear Solid: Master Collection Vol 2,https://www.theguardian.com/games/2026/aug/21/metal-gear-solid-master-collection-vol-2-review,,,,pending_human_review,,,,pending_human_verification
real-304fdf0ad9b28d43,Or a real stenography technique that doesn't require them to actually re-render scenes.,comment,Game of Thrones,https://news.ycombinator.com/item?id=9370517,,,,pending_human_review,,,,pending_human_verification
real-c6a018132287b9d7,"As a philosophy major, the show never ceases to put a smile on my face. And Ted Danson is absolutely brilliant, as always. I would say, though, that ""philosophy"" is a very broad field, and",comment,The Good Place,https://news.ycombinator.com/item?id=16262308,,,,pending_human_review,,,,pending_human_verification
real-41b24af89d7dcd5a,"I forced myself to watch about four episodes of Breaking Bad on the advice of so many raving reviews, but I just couldn't get into it. Though I don't enjoy watching much TV to begin",comment,Breaking Bad,https://news.ycombinator.com/item?id=4263749,,,,pending_human_review,,,,pending_human_verification
real-705eb69f73a4773e,Memory overwrite in progress!,youtube_transcript,Tears of Steel,https://commons.wikimedia.org/wiki/TimedText:Tears_of_Steel_1080p.webm.en.srt,00:04:56.500,00:04:58.000,,pending_human_review,,,,pending_human_verification
real-9043ebbfe8b9e757,"In the 11th episode of season 2, Walt meets Gustavo Fring. And then the show really takes off.",comment,Breaking Bad,https://news.ycombinator.com/item?id=4263132,,,,pending_human_review,,,,pending_human_verification
real-12de110428e0bd2f,"From ‘recycled chicken’ being sold on a stall to Bongbong fanboying over the Fish-Slapping Dance, Palin’s travel shows always explore fascinating things that others don’t. It is a reminder that his work is increasingly precious",review,Michael Palin in the Philippines,https://www.theguardian.com/tv-and-radio/2026/sep/28/michael-palin-in-the-philippines-review-channel-5,,,,pending_human_review,,,,pending_human_verification
real-f1b5a4fafd3c61b9,"We're almost done. Shhh... Hey, sit still.",youtube_transcript,Sintel,https://commons.wikimedia.org/w/index.php?title=TimedText:Sintel_movie_4K.webm.en.srt&oldid=175198974,00:03:27.250,00:03:33.500,,pending_human_review,,,,pending_human_verification
real-7e11c288dce25cc0,"This take on the 1952 novel is lavishly shot and full of excellent performances. It lacks the heft to be a full examination of human nature, but it’s a high-quality family saga",review,East of Eden,https://www.theguardian.com/tv-and-radio/2026/oct/01/east-of-eden-review-florence-pugh-john-steinbeck,,,,pending_human_review,,,,pending_human_verification
real-8382ee80dc56203f,MobLand season two review – why is Pierce Brosnan’s tedious crime drama so obsessed with testicle jokes?,headline,,https://www.theguardian.com/tv-and-radio/2026/sep/18/mobland-season-two-review-guy-ritchie-tom-hardy-pierce-brosnan-helen-mirren-paramount-now,,,,pending_human_review,,,,pending_human_verification
real-30648ed91c4dc6b3,"Two Devon neighbours face off over the future of the countryside in this warm, wry documentary about farming, conservation and some troublesome wild boar",review,Derek vs Derek,https://www.theguardian.com/film/2026/oct/01/derek-vs-derek-review-a-rewilding-rivalry-with-real-bite,,,,pending_human_review,,,,pending_human_verification
real-9b04b9c18f5c668d,"More importantly, the HQ is built in California, which despite appearances isn't a capitalist dystopia but a local government dystopia. Any random local government staffer is the most powerful person in the universe and obeying",comment,Severance,https://news.ycombinator.com/item?id=43526776,,,,pending_human_review,,,,pending_human_verification
real-42731ebd73a4054c,"This is the only show I'm currently keeping up with as new episodes come out, via Hulu. Its wit and ability to make me laugh out loud is up there with the first three seasons",comment,The Good Place,https://news.ycombinator.com/item?id=16261746,,,,pending_human_review,,,,pending_human_verification
real-a9a7e705bb4718b4,"Look Celia, we have to follow our passions; ...you have your robotics, and I just want to be awesome in space.",youtube_transcript,Tears of Steel,https://commons.wikimedia.org/wiki/TimedText:Tears_of_Steel_1080p.webm.en.srt,00:00:25.000,00:00:30.500,,pending_human_review,,,,pending_human_verification
real-86897d33fc88f78a,"PlayStation 5, Xbox, PC (version played); Bandai Namco The game generates blood-pumping moments as you twist, turn and weave through the skies, while your locked-on missiles speed away to obliterate an enemy plane",review,Ace Combat 8: Wings of Theve,https://www.theguardian.com/games/2026/sep/25/ace-combat-8-wings-of-theve-review,,,,pending_human_review,,,,pending_human_verification
real-c4f44935a070ac06,A dangerous quest for a lone hunter. I've been alone for as long as I can remember.,youtube_transcript,Sintel,https://commons.wikimedia.org/w/index.php?title=TimedText:Sintel_movie_4K.webm.en.srt&oldid=175198974,00:02:28.850,00:02:35.870,,pending_human_review,,,,pending_human_verification
real-71ec5cd2ce4da642,Post your questions for Sofia Coppola,headline,,https://www.theguardian.com/film/2026/oct/05/post-your-questions-for-sofia-coppola,,,,pending_human_review,,,,pending_human_verification
real-67cd860b199b71f4,You broke my heart. I know. You forgot me on earth. I know. I should just crush you.,youtube_transcript,Tears of Steel,https://commons.wikimedia.org/wiki/TimedText:Tears_of_Steel_1080p.webm.en.srt,00:06:23.000,00:06:33.000,,pending_human_review,,,,pending_human_verification
real-4548398be317d2d8,"I'm not wrong. Not because such things aren't possible (duh, we have cameras that can do varying frame rates), but because I am aware that content creators contract to deliver a product that will play",comment,Game of Thrones,https://news.ycombinator.com/item?id=9371244,,,,pending_human_review,,,,pending_human_verification
real-4304e88c13d5db0c,"I love it when an actor has to play at being a bad actor. It really highlights their craft. Harrison Ford is a great actor, Deckard is not. It's Deckard that is failing to be",comment,Blade Runner,https://news.ycombinator.com/item?id=31901872,,,,pending_human_review,,,,pending_human_verification
real-5baabb88eab2c223,"PC, Xbox, PlayStation 5 (version tested); Halo Studios/Xbox Game Studios Halo’s modernised introduction to all that was great about the 00s’ first-person shooter is also a welcome return trip for those of us who were",review,Halo: Campaign Evolved,https://www.theguardian.com/games/2026/jul/30/halo-campaign-evolved-review-they-dont-make-em-like-this-any-more,,,,pending_human_review,,,,pending_human_verification
real-60f237edf22920d5,"A truly great show. I'm a typical guy though so I kind of skim through some of the dark, emotional scenes haha",comment,Breaking Bad,https://news.ycombinator.com/item?id=4263346,,,,pending_human_review,,,,pending_human_verification
real-8a65bd7373c6768d,"PC; Replicant D6 This GoldenEye 007-styled retro shooter is an agreeable set of straightahead shooting missions that hark back to a simpler time, with simpler controls",review,Agent 64: Spies Never Die,https://www.theguardian.com/games/2026/aug/13/agent-64-spies-never-die-review-pc-replicant-d6,,,,pending_human_review,,,,pending_human_verification
real-88bbe8bf08668e1e,It's full of blink-and-you'll-miss-them jokes Another fan checking in. Here's a bonus if you missed it: writer Megan Amram's list of restaurants for the Good Place. Don't read it if you haven't finished Season 1.,comment,The Good Place,https://news.ycombinator.com/item?id=16262767,,,,pending_human_review,,,,pending_human_verification
real-d2b95cb7b88260a7,I agree with you there. My comment was aimed at the subtext of the whole conversation regarding bullfighting. If i recall correctly that dialog is not in the books and the only reason to bring,comment,Dune,https://news.ycombinator.com/item?id=29024969,,,,pending_human_review,,,,pending_human_verification
real-ca64f9549719deb5,Best of the Best review – college comedy formula gets a Bollywood makeover,headline,,https://www.theguardian.com/film/2026/sep/18/best-of-the-best-review-college-comedy-formula-gets-a-bollywood-makeover,,,,pending_human_review,,,,pending_human_verification
real-891c07d35696e6ea,"These takes: > I also don't buy the author's rationale for remote editing; it's oddly archaic > Any supposed advantage of remote ""real servers"" is going to be squandered by having to send everything over",comment,Severance,https://news.ycombinator.com/item?id=43527518,,,,pending_human_review,,,,pending_human_verification
real-e024757c2b6fc639,Practical Magic 2 review – Bullock and Kidman return for odd sequel that still casts a spell,headline,,https://www.theguardian.com/film/2026/sep/08/practical-magic-2-movie-review,,,,pending_human_review,,,,pending_human_verification
real-476ea97b14ed5143,I know it's not what you meant but http://www.calcresult.com/reference/development/CSS-syntax-t... :),comment,Breaking Bad,https://news.ycombinator.com/item?id=4263035,,,,pending_human_review,,,,pending_human_verification
real-b1d8614aa1713cc3,"> A Scanner Darkly ( http://www.imdb.com/title/tt0405296/ ) It's worth watching for many reasons, but it'd be worth watching for this scene alone: http://www.youtube.com/watch?v=Z2HP25bKztE",comment,Inception,https://news.ycombinator.com/item?id=3737896,,,,pending_human_review,,,,pending_human_verification
